data,text,sent,favorites,retweets,longitude,latitude
Sun Sep 29 03:00:11 +0000 2019,@realDonaldTrump ‚ÄúThe economy that Donald Trump inherited from Barack Obama and Joe Biden is the only thing keeping‚Ä¶ https://t.co/W8tkn3NCs8,0.0,0,0,-83.7299715,42.2708395
Sun Sep 29 02:58:36 +0000 2019,|"I like thinking big. I always have. To me it's very simple: If you're going to be thinking anyway, you might as we‚Ä¶ https://t.co/yrEIkEh3OR|,0.3612,0,0,73.22630605,3.2013968999999998
Sun Sep 29 02:57:37 +0000 2019,@realDonaldTrump ‚ÄúThe economy that Donald Trump inherited from Barack Obama and Joe Biden is the only thing keeping‚Ä¶ https://t.co/w86whBh07K,0.0,1,0,-83.7299715,42.2708395
Sun Sep 29 02:56:25 +0000 2019,Hey @realDonaldTrump ... Traitor Trump ... Tubby Trump ... Dumb Donald ... Dummkopf Donald ... I think Traitor Trump is the best.,0.2263,0,0,-75.77004099999999,42.746617
Sun Sep 29 02:55:01 +0000 2019,|Donald Trump Jr. just called Governor Edwards a radical socialist... Ok, sis|,0.296,1,0,-91.40100849999999,30.937336000000002
Sun Sep 29 02:51:51 +0000 2019,@NHLRumorsDaily From the Donald Trump school of hockey rumours. Use your own rumour to build a case as to why your new rumours are true. Lol,0.6808,0,0,-79.2725695,43.629311
Sun Sep 29 02:51:37 +0000 2019,He‚Äôs correct. Donald Trump is the only thing standing between us and the globalist socialist cabal; they will do AN‚Ä¶ https://t.co/5lVl2vdtC5,0.0,0,0,-111.52981600000001,35.2659775
Sun Sep 29 02:51:22 +0000 2019,@NoozheMakwa @gmansell2 First guy in that video was Donald Trump the second guy was nasty Nancy www Pelosi,-0.5574,3,0,-74.81192899999999,40.1414535
Sun Sep 29 02:48:17 +0000 2019,|Donald J. Trump is doing exactly what he promised he would do‚Äîexposing the greedy, lying scum in Washington and dra‚Ä¶ https://t.co/Mq49kVVR0N|,-0.4939,0,0,-122.3306024,47.6148172
Sun Sep 29 02:47:18 +0000 2019,|Mulvaney on shaky ground in wake of whistleblower fallout, sources say

https://t.co/ADXDQI2nWZ|,-0.2263,1,1,-79.833837,40.4772732
Sun Sep 29 02:40:51 +0000 2019,|@thebradfordfile @Caribbean__Q DITTO!!!!!!!!!!!!!!!!!!! I agree 1,000,000% God bless our President Donald J Trump!!! üá∫üá∏|,0.8209,1,0,-100.0768885,31.168893500000003
Sun Sep 29 02:37:43 +0000 2019,|‡§ü‡§ø‡•ç‡§µ‡§ü‡§∞ ‡§ü‡•ç‡§∞‡•á‡§Ç‡§°: UN ‡§Æ‡•á‡§Ç ‡§ü‡•ç‡§∞‡§Ç‡§™ ‡§ï‡§æ ‡§≠‡§æ‡§∑‡§£ ‡§Ö‡§µ‡•ç‡§µ‡§≤, ‡§®‡§Ç‡§¨‡§∞ 2 ‡§™‡§∞ ‡§á‡§Æ‡§∞‡§æ‡§®, ‡§Æ‡•ã‡§¶‡•Ä ‡§ï‡§æ 5‡§µ‡•á‡§Ç ‡§∏‡•ç‡§•‡§æ‡§® ‡§™‡§∞ - Twitter trend donald trump spee‚Ä¶ https://t.co/1MEbFHrxf7|,0.0,0,0,84.396886,26.130993500000002
Sun Sep 29 02:37:34 +0000 2019,|‡§ü‡§ø‡•ç‡§µ‡§ü‡§∞ ‡§ü‡•ç‡§∞‡•á‡§Ç‡§°: UN ‡§Æ‡•á‡§Ç ‡§ü‡•ç‡§∞‡§Ç‡§™ ‡§ï‡§æ ‡§≠‡§æ‡§∑‡§£ ‡§Ö‡§µ‡•ç‡§µ‡§≤, ‡§®‡§Ç‡§¨‡§∞ 2 ‡§™‡§∞ ‡§á‡§Æ‡§∞‡§æ‡§®, ‡§Æ‡•ã‡§¶‡•Ä ‡§ï‡§æ 5‡§µ‡•á‡§Ç ‡§∏‡•ç‡§•‡§æ‡§® ‡§™‡§∞ - Twitter trend donald trump spee‚Ä¶ https://t.co/Mb3q73LD8k|,0.0,0,0,84.396886,26.130993500000002
Sun Sep 29 02:35:26 +0000 2019,|@gregpmiller As Donald Trump continues to rail about Hillary Clinton‚Äôs emails, the State Department has reinvigorat‚Ä¶ https://t.co/nJSMDrrkBk|,0.0,3,0,-73.8311875,40.670879549999995
Sun Sep 29 02:34:50 +0000 2019,|GOP Leadership Memo Suggests Senate Cannot Block Trial If House Votes To Impeach Trump
https://t.co/UuHYNqh135|,0.3412,0,0,-118.4119065,34.0207895
Sun Sep 29 02:33:17 +0000 2019,|Knuckeheads.  Mick Mulvaney on shaky ground in wake of whistleblower fallout, sources say - CNNPolitics https://t.co/6a6hSfD1Qj|,-0.2263,0,0,-117.397616,33.935822
Sun Sep 29 02:33:15 +0000 2019,|CNN LEAVES OUT WORDS TO MAKE THE PRESIDENT., 45, Trump , Donald J Trump üëÄ GOOD???? OMG! If CNN DID ANYTHING THEY MA‚Ä¶ https://t.co/XThEwM4qI8|,0.0,0,0,-80.926628,33.6311395
Sun Sep 29 02:32:44 +0000 2019,Just another reason to impeach Donald Trump. He‚Äôs going after his former campaign opponents like he was some Third‚Ä¶ https://t.co/FEAWvC78NS,0.3612,5,3,-73.8311875,40.670879549999995
Sun Sep 29 02:31:49 +0000 2019,|Don't know how much truth is contained here, but it's a must read https://t.co/LGtMR53wof|,0.1655,0,0,0.3142995000000042,42.308346
Sun Sep 29 02:30:17 +0000 2019,https://t.co/qN3Sjk6GEt,0.0,0,0,-95.4660343,29.7076839
Sun Sep 29 02:28:16 +0000 2019,|It‚Äôs already started. America is building the white savior narrative of rescuing itself from Donald Trump, the raci‚Ä¶ https://t.co/Q4s1xB6KVJ|,0.0,6,5,139.7091805,35.701657
Sun Sep 29 02:27:25 +0000 2019,|@camgreer11 @RhoniDu ... and a rip tide, hopefully soon to be followed by a tsunami of resignations- including that‚Ä¶ https://t.co/vCWHbr4AiF|,0.128,1,0,-84.475291,33.6575858
Sun Sep 29 02:27:05 +0000 2019,|@realDonaldTrump @FoxNews @CNN @MSNBC

The media has not figured it out yet. Any press is good press. All eyes will‚Ä¶ https://t.co/yUToofL2Hh|,0.4404,0,0,-117.143737,47.664707
Sun Sep 29 02:26:52 +0000 2019,|'Treasonous' Donald Trump Could Have Been Impeached On Inauguration Day, Bestselling Military Author Says https://t.co/qT1QIrAKX0|,0.0,0,0,25.0186232,60.1594712
Sun Sep 29 02:25:51 +0000 2019,I bet DJ Khaled and Donald Trump would be great friends,0.802,0,0,-116.27816150000001,33.668045500000005
Sun Sep 29 02:23:31 +0000 2019,@nationalparker5 https://t.co/ZPg7OolLKH https://t.co/GjpBdR9yTx,0.0,0,0,-119.30660750000001,37.2691755
Sun Sep 29 02:23:08 +0000 2019,|Hey @HillaryClinton I‚Äôve got the perfect tweet for you to send once Trump is impeached:

‚ÄúYou‚Äôre Fired, Donald.‚Äù|,0.0258,4,1,-117.824049,33.810159
Sun Sep 29 02:21:58 +0000 2019,@realDonaldTrump Thanks God and Donald Trump's,0.6124,2,0,107.1636285,11.08089
Sun Sep 29 02:21:29 +0000 2019,@LindseyGrahamSC I hope we can impeach this Donald Trump. It is time for him to go.   I have been watching this mov‚Ä¶ https://t.co/5edIrCArgS,0.4404,0,0,-82.16086565,29.120222500000004
Sun Sep 29 02:20:30 +0000 2019,|Resign @realDonaldTrump
 https://t.co/7UfqIfsTpQ|,-0.34,1,0,-77.60468399999999,41.1179365
Sun Sep 29 02:16:59 +0000 2019,|Subpoena him. 

Giuliani Says He Won‚Äôt Testify Before House Without Trump‚Äôs OK
https://t.co/fGecz5rY4v|,-0.3465,0,0,-79.833837,40.4772732
Sun Sep 29 02:16:34 +0000 2019,|GOP Leadership Memo Suggests Senate Cannot Block Trial If House Votes To Impeach Trump
https://t.co/NEik9DZQLW|,0.3412,1,0,-79.833837,40.4772732
Sun Sep 29 02:16:03 +0000 2019,|If Trump had actually wanted to do infrastructure, he would‚Äôve done it many Infrastructure Weeks ago. He‚Äôs projecti‚Ä¶ https://t.co/w9mK28b9EB|,0.0,0,0,-122.4359785,37.7706565
Sun Sep 29 02:15:55 +0000 2019,|#ExposeTheTruth

Trump Blurs Lines Between Personal Lawyer, Attorney General
https://t.co/QaOKqRl2Vc|,0.0,0,0,-79.833837,40.4772732
Sun Sep 29 02:15:38 +0000 2019,Leaked Video Footage Of Donald Trump and Ukrainian President Zelensky‚Äôs ... https://t.co/Q43OoZJe79 via @YouTube,-0.3182,0,0,-111.7375657,33.4057545
Sun Sep 29 02:14:56 +0000 2019,Guys I‚Äôm not sure if Donald Trump is a good person,0.2354,0,0,-77.5888935,37.599557
Sun Sep 29 02:14:52 +0000 2019,|What if the women like for their men to look a little more like a person a little less like a fuckin clown ü§°
https://t.co/wSxmBQVCX2|,0.7579,0,0,-85.720959,41.291878
Sun Sep 29 02:12:27 +0000 2019,@RabbiShaina Donald Jes√∫s tRump üòÇ,0.0,0,0,-84.433106,33.7671944
Sun Sep 29 02:11:42 +0000 2019,@RudyGiuliani You are a pathetic hack. There is no equal protection issue here. donald trump used the power of the‚Ä¶ https://t.co/hv6PJS7ZU9,-0.7096,0,0,-101.89717300000001,33.5705263
Sun Sep 29 02:10:56 +0000 2019,|@brycetache So we saw Bruce Cockburn tonight. We don‚Äôt see as many concerts as in years past, but every one we see,‚Ä¶ https://t.co/ve1PPyYzgU|,0.0,0,0,-87.732013,41.833584450000004
Sun Sep 29 02:10:34 +0000 2019,All the Republicans love Nancy's move she made us the happiest people on Earth she just re-elected Donald Trump sin‚Ä¶ https://t.co/KrKAnFZDOF,0.8555,0,0,-74.81192899999999,40.1414535
Sun Sep 29 02:08:24 +0000 2019,@KamalaHarris Donald Trump is only loyal to his checkbook and he cheats on that too!,0.1511,0,0,-86.50393905,30.495369850000003
Sun Sep 29 02:07:46 +0000 2019,|https://t.co/sO5VtPuxSk
Fra
https://t.co/1xQCRuJJq9

https://t.co/ue7OOecPmc

https://t.co/cWYvnW8k4K
L-annonce-de-‚Ä¶ https://t.co/uYgoaSuX2B|,0.0,0,0,48.1747649,15.552756950000001
Sun Sep 29 02:05:01 +0000 2019,@realDonaldTrump By impeaching AND convicting Donald J. Trump!,0.0,0,0,-122.3306024,47.6148172
Sun Sep 29 02:03:42 +0000 2019,|@realDonaldTrump 'Oh My God...This Is the End of My Presidency. I'm Fucked.'

               ‚Äî Pres. Donald J. Trump|,0.0,2,0,-118.4119065,34.0207895
Sun Sep 29 02:02:05 +0000 2019,|Donald Trump Could Resign If He Gets A Deal To Avoid Prison Time, His Former Ghostwriter Predicts #Topbuzz https://t.co/On02QC4Ssc|,-0.7845,0,0,-83.4841045,44.28989
Sun Sep 29 02:00:52 +0000 2019,@realDonaldTrump So my 6yr old put that on there but she is so honest!!!!Donald Trump&amp;his toupe‚Äô,0.0,0,0,-86.1429225,39.7795625
Sun Sep 29 01:57:59 +0000 2019,Answer. GIBSON New York Governor MAGA (R).@IOCforcongress NY 14 @SaraCarterDC Donald Trump Jr. Mayor. Problem solve‚Ä¶ https://t.co/BE3TFwQg46,-0.4019,2,3,-73.8311875,40.670879549999995
Sun Sep 29 01:57:02 +0000 2019,|Mulvaney on shaky ground in wake of whistleblower fallout, sources say

https://t.co/x8n3U6k4US|,-0.2263,3,2,-121.30042529999999,37.980826
Sun Sep 29 01:55:05 +0000 2019,Donald Trump is the dumb ass that starts the argument,-0.8519,0,0,-95.12714249999999,29.526190000000003
Sun Sep 29 01:52:04 +0000 2019,|DONALD J TRUMP

‚ÄùTHE OTHER WHITE MEAT‚Äù‚õ≥ https://t.co/9tGD1OT8aG|,0.0,0,0,-80.21864249999999,40.454187000000005
Sun Sep 29 01:51:01 +0000 2019,@EricTrump I'm not a religious person but I'm praying for this administration and our country.  Tell your father a‚Ä¶ https://t.co/zjbNC9sbws,0.5023,0,0,-87.8241255,42.738643
Sun Sep 29 01:49:13 +0000 2019,@RaulPer61814094 @YouTube Mira sencillo no te doy mas importancia de la que tienes. 0. Vivo un pa√≠s libre y Democr√°‚Ä¶ https://t.co/uBiNlVI4X5,-0.296,0,0,-97.1147705,33.2024957
Sun Sep 29 01:47:29 +0000 2019,|Thank you, President Donald Trump, for FIGHTING FOR US! #MAGA https://t.co/3VwZZDS1hZ|,-0.2558,0,0,-95.31703999999999,32.315661500000004
Sun Sep 29 01:46:45 +0000 2019,Can someone please tell me what impeaching Donald Trump gone do as of right now as the end of his term is approaching? ü§î,0.3182,0,0,-90.1580165,32.230987
Sun Sep 29 01:46:31 +0000 2019,Some of the Angel's think hes Donald Trump,0.0,0,0,-95.12714249999999,29.526190000000003
Sun Sep 29 01:44:02 +0000 2019,|@realDonaldTrump @FleederMae We love our President, Donald J. Trump! Trump 2020!|,0.6988,1,1,-90.002249,38.52963
Sun Sep 29 01:43:53 +0000 2019,@SteveScalise @realDonaldTrump This circle the Trump wagons strategy is so old and routine that I‚Äôm tired of the tr‚Ä¶ https://t.co/806aM6Otla,-0.4404,0,0,-98.97610699999998,31.702738500000002
Sun Sep 29 01:42:31 +0000 2019,|I'm only 64,888,887 short of 64.9M followers. Can you help me reach my goal of having more followers than Donald Trump?|,0.4215,4,2,-73.9487755,40.655138
Sun Sep 29 01:39:01 +0000 2019,Trump Is a Military Coward ‚Äî But That Hasn't Kept Him from Insulting America's Troops https://t.co/Nxs328qMpU via @TeenVogue,-0.7351,1,0,-87.732013,41.833584450000004
Sun Sep 29 01:38:19 +0000 2019,|.@LaraLeaTrump, Donald Trump got 46.1% of the popular vote. He invited foreign interference in American elections a‚Ä¶ https://t.co/2kgGPX9HUC|,0.4215,27,2,-118.4119065,34.0207895
Sun Sep 29 01:36:09 +0000 2019,@USUN @UN El legado de Obama y la Hillary Clinton en Venezuela. Donald Trump 2020.....,0.0,0,0,-117.24838765,34.04975085
Sun Sep 29 01:33:10 +0000 2019,@thehill EFF Chris Wallace. Typical corporate bullshit. Wait until Donald Trump starts his own networks when he leaves office in 2024.,-0.5859,0,0,-80.0502625,40.37624085
Sun Sep 29 01:28:43 +0000 2019,|‡§ü‡§ø‡•ç‡§µ‡§ü‡§∞ ‡§ü‡•ç‡§∞‡•á‡§Ç‡§°: UN ‡§Æ‡•á‡§Ç ‡§ü‡•ç‡§∞‡§Ç‡§™ ‡§ï‡§æ ‡§≠‡§æ‡§∑‡§£ ‡§Ö‡§µ‡•ç‡§µ‡§≤, ‡§®‡§Ç‡§¨‡§∞ 2 ‡§™‡§∞ ‡§á‡§Æ‡§∞‡§æ‡§®, ‡§Æ‡•ã‡§¶‡•Ä ‡§ï‡§æ 5‡§µ‡•á‡§Ç ‡§∏‡•ç‡§•‡§æ‡§® ‡§™‡§∞ - Twitter trend donald trump spee‚Ä¶ https://t.co/I7OlDWObWo|,0.0,0,0,81.191708,26.939432500000002
Sun Sep 29 01:27:44 +0000 2019,I Agree with you and love Donald j. Trump and all my fellow Americans that love and support him too. Thank God that‚Ä¶ https://t.co/HFduiJqa3x,0.9531,0,0,-80.1783915,26.03967995
Sun Sep 29 01:21:36 +0000 2019,Donald Trump Donald Trump he's a skunk dead Donald Trump he is as corrupt as a person could be why's everybody alwa‚Ä¶ https://t.co/ZQ5nhYVIqD,-0.6486,0,0,-87.732013,41.833584450000004
Sun Sep 29 01:21:21 +0000 2019,@realDonaldTrump @SaraCarterDC Thank you Donald J Trump the greatest president we ever had and have God bless you g‚Ä¶ https://t.co/bZ7UeLOZnl,0.891,0,0,-111.93171085,34.16825365
Sun Sep 29 01:21:09 +0000 2019,What most Republicans fail to acknowledge is that it was the media that help to get Donald Trump elected.‚Ä¶ https://t.co/1zmDx0NHu0,-0.2682,0,0,-80.295886,25.711706
Sun Sep 29 01:19:26 +0000 2019,|Is Donald Trump Batman?

He's a billionaire, under constant attack, who has dedicated himself to protecting us all.‚Ä¶ https://t.co/BEBcV1gNv9|,-0.0258,1,0,-121.375689,38.6040335
Sun Sep 29 01:16:41 +0000 2019,Clinton signed agreement with Ukraine to investigate corruption. Hunter Biden and his father Quid Pro Joe have been‚Ä¶ https://t.co/ELUKuySesj,0.4939,4,3,0.3142995000000042,42.308346
Sun Sep 29 01:12:47 +0000 2019,The US senate is closed for business as long as Mitch McConnell is majority leader &amp; Donald Trump is President,0.0,0,0,-115.13337299999999,36.24912449999999
Sun Sep 29 01:12:36 +0000 2019,|Thank you, Kenidra4Humanity, for the retreat.  No one should be allowed to forget what Donald Trump really is. https://t.co/nE7BPJtV5V|,0.0516,0,0,-79.9020854,36.727374999999995
Sun Sep 29 01:11:26 +0000 2019,@JudicialWatch He should‚Äôve been investigated along time ago that witchhunt that‚Äôs all it was was a witch on the li‚Ä¶ https://t.co/dv7LMlcSga,-0.3612,0,0,-111.93171085,34.16825365
Sun Sep 29 01:10:41 +0000 2019,|‚ÄúWhat we need to do is not have Donald Trump as president,‚Äù @SpeakerPelosi says #TribFest19|,0.0,1,0,-97.75472415000002,30.323345699999997
Sun Sep 29 01:10:36 +0000 2019,@TeamTrump Thank you Mr. President Donald J Trump and family your family has done the greatest for the United State‚Ä¶ https://t.co/bP8lKuKVtg,0.8591,3,2,-111.93171085,34.16825365
Sun Sep 29 01:10:21 +0000 2019,‚ÄúWhat we need to do is not have Donald Trump be president of the United States ... we cannot take our eye off the ball.‚Äù,0.4215,116,9,-97.75472415000002,30.323345699999997
Sun Sep 29 01:09:50 +0000 2019,|To survive impeachment, Donald Trump has to shut up (opinion) - CNN https://t.co/QF3gaXHObJ|,0.0,0,0,-70.29254499999999,43.696187
Sun Sep 29 01:07:46 +0000 2019,|@GOPChairwoman @realDonaldTrump Hey honey, were u there Ronna? Oh, one thing I fixed. Known liars Donald tRump &amp; De‚Ä¶ https://t.co/2NKIJFg6tZ|,-0.5267,2,0,-117.10498915,32.810012199999996
Sun Sep 29 01:06:01 +0000 2019,@realDonaldTrump https://t.co/EBM6Mp2BfL,0.0,0,0,-97.1509985,32.960651
Sun Sep 29 01:05:27 +0000 2019,@AlexMBrown_ @KenleyMarlene THATS RIGHT BUDDY BOY TO MF HELLRAYSER TO DONALD TRUMP ASS HE MUST BE EXTERMANITED RIGHT NOW !,-0.6731,0,0,-116.9291021,32.33287645
Sun Sep 29 01:00:31 +0000 2019,https://t.co/L5qvUTtQ83,0.0,1,1,-121.30073049999999,38.76316025
Sun Sep 29 01:00:09 +0000 2019,@AhmedBaba_ @GOP The @GOP has severely lost its way. Defending Donald Trump rather than preserving our national sec‚Ä¶ https://t.co/1NMFY34VxZ,-0.6486,2,1,-88.09198549999999,44.4297195
Sun Sep 29 00:55:56 +0000 2019,|Traitors
Benedict Arnold 
Julius and Ethel Rosenberg
Donald Trump

Heroes 
Edward Snowden
The Whistleblower whoever she or he may be|,0.5106,0,0,-74.3220025,40.47523625
Sun Sep 29 00:48:01 +0000 2019,If I was a betting person I would have to say Donald J Trump appointed Gina Haspel. Gina Cheri Haspel Director of t‚Ä¶ https://t.co/VuhtCEK9BQ,0.0,0,0,-111.7375657,33.4057545
Sun Sep 29 00:47:40 +0000 2019,Are you playing golf for free with Donald Trump on one of his golf course on the dime of the people I just hope you‚Ä¶ https://t.co/2ofn5TPbt6,0.7906,0,0,-75.117998,40.0048655
Sun Sep 29 00:47:26 +0000 2019,|If you want to read more about the impeachment inquiry against President Donald Trump, here is the link:

https://t.co/CkHV7FsNKY|,0.0772,0,0,-97.75472415000002,30.323345699999997
Sun Sep 29 00:42:49 +0000 2019,GOP Leadership Memo Suggests Senate Cannot Block Trial If House Votes To Impeach Trump https://t.co/lYGHi9dvSe via @YahooNews,0.3412,3,4,-117.585658,33.859093
Sun Sep 29 00:41:08 +0000 2019,@WordswithSteph Did anyone actually see Monica Lewinsky perform fellatio on Bill Clinton? What would we call the st‚Ä¶ https://t.co/LdSloDDaPp,0.0,0,0,-105.12331950000001,39.685852000000004
Sun Sep 29 00:39:25 +0000 2019,|@realDonaldTrump So by @realDonaldTrump standards, what if DONALD TRUMP is guilty of treason?? Or‚Ä¶ https://t.co/muffiIaw9A|,-0.7236,0,0,-73.9685415,40.780709
Sun Sep 29 00:39:14 +0000 2019,To whom it may concern from Donald Trump: the little women of LA got the spot for the booty shake dance .your pay w‚Ä¶ https://t.co/NVkAjln7lJ,-0.2732,0,0,-83.77168599999999,31.963553
Sun Sep 29 00:37:12 +0000 2019,|@JohnJCrace @Tighnacoille Nothing like a bit of foreign collusion just ask Donald Trump, "piece of piss" he said.|,-0.5873,0,0,-3.52652215,58.59372655
Sun Sep 29 00:35:22 +0000 2019,@realDonaldTrump https://t.co/uVnN1Ldbhe,0.0,0,0,-82.07028435622047,41.500915728506634
Sun Sep 29 00:35:12 +0000 2019,Ti whom it may concern from Donald Trump: the little women  of  LA would like  to have a spot for the booty shake d‚Ä¶ https://t.co/Mt41jnJh9L,0.2023,0,0,-83.77168599999999,31.963553
Sun Sep 29 00:34:46 +0000 2019,@MikeDeWine https://t.co/uVnN1Ldbhe,0.0,0,0,-82.098535,41.490052
Sun Sep 29 00:34:30 +0000 2019,|@tomcolicchio So...?
https://t.co/uVnN1Ldbhe|,0.0,0,0,-82.098535,41.490052
Sun Sep 29 00:31:57 +0000 2019,@AmericanP2019 @tracybeanz Donald Trump!,0.0,1,0,-122.63339299999998,45.738279
Sun Sep 29 00:28:37 +0000 2019,I figured it out!! Donald Trump is a Scientologist !!!,0.0,0,0,-74.0214785,42.702047
Sun Sep 29 00:28:24 +0000 2019,No other politicians live here either and those homeless men are not Donald Trump either.,-0.296,0,0,-97.75472415000002,30.323345699999997
Sun Sep 29 00:24:18 +0000 2019,That is not Donald Trump.,0.0,0,0,-97.75472415000002,30.323345699999997
Sun Sep 29 00:19:32 +0000 2019,Glenn Campbell is Donald Trump.,0.0,0,0,-97.75472415000002,30.323345699999997
Sun Sep 29 00:18:39 +0000 2019,Graham prepares Trump defence as impeachment fury intensifies https://t.co/nw3vlRoaNy Graham said:       A couple y‚Ä¶ https://t.co/IpTpCar4G9,-0.5106,0,0,-70.9477915,42.199372999999994
Sun Sep 29 00:18:19 +0000 2019,@GOPLeader We ( The American People and Registered Voters) demand justice. We are tired of our President Elect Dona‚Ä¶ https://t.co/7fuTSMvBfh,0.0,0,0,-94.1286335,30.086918150000002
Sun Sep 29 00:15:33 +0000 2019,@realDonaldTrump I heard @RepAdamSchiff say that Donald Trump can't play any golf to @RepLawrence &amp; @RepRashida. Es‚Ä¶ https://t.co/IQhOEZPulM,-0.2584,0,0,-83.099288,42.3527865
Sun Sep 29 00:13:36 +0000 2019,Graham prepares Trump defence as impeachment fury intensifies https://t.co/nw3vlRoaNy Flip Flop used to be slogan o‚Ä¶ https://t.co/K9hthJopVt,-0.6908,0,0,-70.9477915,42.199372999999994
Sun Sep 29 00:13:11 +0000 2019,@pittygirl4life @DevinNunes Donald Trump because he wanted to be able to put HRC in jail without any knowledge of a‚Ä¶ https://t.co/vL4ne8FOpx,0.0,0,0,-119.30660750000001,37.2691755
Sun Sep 29 00:08:02 +0000 2019,@FalconYourHero @theflintstones @bae_miami @im2b @AkeemCrain @HillaryClinton A Kamala Harris vs Donald Trump Jr in‚Ä¶ https://t.co/795BOpaDxY,0.0,1,0,-73.9685415,40.780709
Sun Sep 29 00:07:17 +0000 2019,@Patagonia222 @mrkraft @svdate I lived in NYC during this period of Trump‚Äôs life https://t.co/AoUU4zzPEE I knew the‚Ä¶ https://t.co/eQqQnMO2h9,0.0,0,0,-122.4359785,37.7706565
Sun Sep 29 00:05:09 +0000 2019,|Salon: Donald Trump was impeachable the day he took office: Two and a half years later, we're finally there.‚Ä¶ https://t.co/CYAMibiZLs|,0.0,0,0,-84.612392,34.01107645
Sun Sep 29 00:03:49 +0000 2019,Bill Barr just said something that should scare the crap out of Donald Trump https://t.co/H6x9hr2cMi via @PalmerReport,-0.7003,0,0,-117.3630675,34.531222
Sun Sep 29 00:03:33 +0000 2019,https://t.co/d8z7kFT3LV,0.0,0,0,-117.3630675,34.531222
Sun Sep 29 00:01:56 +0000 2019,@FalconYourHero @theflintstones @bae_miami @im2b @AkeemCrain @HillaryClinton Trump base will want another Donald Tr‚Ä¶ https://t.co/3HtMMNOnyl,0.0772,0,0,-73.9685415,40.780709
Sun Sep 29 00:01:40 +0000 2019,@TheRynheart The middle-school test asked students who this was describing: 45th Pres; 2017; Republican; Real Estat‚Ä¶ https://t.co/n9XYXAEoIl,0.0,1,1,-74.2679795,40.736985000000004
Sun Sep 29 00:01:16 +0000 2019,The #WhiteHouse has restricted access to transcripts of some of President Donald Trump's calls with foreign leaders‚Ä¶ https://t.co/qIMPKnktsq,-0.3818,0,0,-77.03653,38.897676
Sun Sep 29 00:01:15 +0000 2019,@MysterySolvent We're not impeaching a president with those accomplishments we're impeaching Donald Trump.,0.0,1,0,-71.43666999999999,41.6989405
Sun Sep 29 00:00:26 +0000 2019,@PolitiBunny @FishaShakeyhead John also should be arrested if he's interfering it in our government today or workin‚Ä¶ https://t.co/DGt1XlysDc,-0.4767,0,0,-82.66946745,40.365159500000004
Sat Sep 28 23:58:42 +0000 2019,I wish @DaveChappelle would get into a Twitter beef with Donald Trump so we could all laugh when he barbecues that‚Ä¶ https://t.co/DUSnmc4ejb,0.743,1,0,-89.92202900000001,35.13352055
Sat Sep 28 23:55:11 +0000 2019,|@EvrybodysGotOne @JoeBiden Did you say fraud? Surely you mean the guy with multiple bankruptcies, fraudulent charit‚Ä¶ https://t.co/6BWw7c6S6U|,-0.6249,0,0,-74.57783950000001,40.715262
Sat Sep 28 23:53:54 +0000 2019,@CNN Well he might as well write in Donald Duck. He‚Äôs the best cartoon out of all these cartoon characters of the h‚Ä¶ https://t.co/aQQBA5nsNm,0.8126,0,0,-83.37718100000001,42.4842785
Sat Sep 28 23:48:26 +0000 2019,|More invented comments by Chicken Noodle News!
Mick Mulvaney on shaky ground in wake of whistleblower fallout, sour‚Ä¶ https://t.co/jFTGOYZK0K|,-0.2942,0,0,-93.6063695,41.5764373
Sat Sep 28 23:47:30 +0000 2019,@american1776 @TTWByStormy @StormyDaniels BTW...FUCK DONALD TRUMP‚ÄºÔ∏è,0.0,0,0,-118.4119065,34.0207895
Sat Sep 28 23:46:02 +0000 2019,IMPEACH DONALD TRUMP! https://t.co/Cb0YYKrS90,0.0,5,2,-77.60468399999999,41.1179365
Sat Sep 28 23:44:43 +0000 2019,Donald Trump is the ugly bastard genre of U.S. presidents.,-0.7783,0,0,-0.33706250000000004,51.595832849999994
Sat Sep 28 23:44:40 +0000 2019,@Scaramucci @realDonaldTrump The only mistake you made was to stop supporting Donald Trump. Just because he saw you‚Ä¶ https://t.co/fy1H037XdO,-0.1779,0,0,-80.1226195,26.721895749999998
Sat Sep 28 23:43:49 +0000 2019,|@andersoncooper @AOC
Irish police pay Trump Hotel for feeding them while protectibg Trump.  https://t.co/XMg9GudRGx|,-0.1027,0,0,-6.24762135,53.35490235
Sat Sep 28 23:43:43 +0000 2019,First I saw @toddstarnes rpt on so called #Teachers licensed by @NEA  &amp; @AFTunion having CHILDREN chanting 'WHO DO‚Ä¶ https://t.co/KCcRwTYNRC,0.0,0,0,-79.308498,33.350413950000004
Sat Sep 28 23:43:43 +0000 2019,Donald is a serial liar&amp;a cheat. He will NEVER admit ANY wrong doing because he's has Narcisstic Personality disord‚Ä¶ https://t.co/CW4q4IhZa3,-0.2589,2,1,-79.9135205,43.2606955
Sat Sep 28 23:37:28 +0000 2019,@Patriqtscott @dyro874 65 million people voted for @realDonaldTrump . So you are saying basically that they voted f‚Ä¶ https://t.co/l7EPD10C6b,0.0,2,3,-119.30660750000001,37.2691755
Sat Sep 28 23:37:20 +0000 2019,|Kamala Harris: "Yesterday, in a meeting at the White House, Wayne LaPierre offered the NRA‚Äôs financial support to D‚Ä¶ https://t.co/jDCTH2yKxl|,0.4019,0,0,-79.42086499999999,38.003375500000004
Sat Sep 28 23:36:56 +0000 2019,@DineshDSouza @SassyT_Joy And this is her when you say I was so wrong Hillary I am so sorry I chose Donald Trump üò¢üò¢‚Ä¶ https://t.co/ik7k2V4EQN,-0.6939,0,0,-96.7617535,32.819858499999995
Sat Sep 28 23:36:36 +0000 2019,paul ryan on fox news telling lies about our PRESIDENT St. DONALD TRUMP. If memory serves me right. paul ryan‚Äôs wif‚Ä¶ https://t.co/09wcXM1rKm,-0.4215,0,0,-98.5200567,33.92642
Sat Sep 28 23:36:18 +0000 2019,Our doggo has a more comprehensive vocabulary than Donald Trump. https://t.co/cZjyuwWCzJ,0.3167,1,0,150.93197479999998,-33.84824400225
Sat Sep 28 23:35:06 +0000 2019,To whom it may concern from Donald Trump: there is going to be a live televised promo here at wood Vale apartment t‚Ä¶ https://t.co/6OGU9MDoZ2,0.0,0,0,-83.77168599999999,31.963553
Sat Sep 28 23:35:00 +0000 2019,|@j_mayorJM @publico_es @sanchezcastejon Te ha faltado decir
ZP tiene m√°s decencia y dignidad dormido el sinverg√ºenz‚Ä¶ https://t.co/DTiOZAVYQE|,0.34,1,1,-6.85617735,38.87443815
Sat Sep 28 23:33:29 +0000 2019,@joncoopertweets @leinfelder27 Donald Trump will be remembered for hiring George Conway's wife which qualifies the three of them as morons.,-0.3182,0,0,-76.823733,42.0533991
Sat Sep 28 23:33:25 +0000 2019,|@davidodediran Haha.. Nope brother I'm not. They are undoubtedly the same brother, I know. I'm only talking about t‚Ä¶ https://t.co/G3KJOtLVFo|,0.0,0,0,-0.18429355,5.623198299999999
Sat Sep 28 23:32:35 +0000 2019,Fuck Donald trump,-0.5423,0,0,-77.8116535,35.97227605
Sat Sep 28 23:30:26 +0000 2019,Donald Trump has been an unhappy president from day one ‚Äî because he knew he was engaging in treason https://t.co/HaKpRQ2bmo,-0.5106,1,0,-81.36777265,28.50167835
Sat Sep 28 23:29:29 +0000 2019,|@AshaRangappa_ 
‚ÄúI need Sunday to be only cat videos on Twitter üòµ‚Äù

Donald Trump-‚ÄúI have the best cat videos.‚Äù

Hen‚Ä¶ https://t.co/EtChWZxPFs|,0.6369,0,0,-90.007789,34.942181500000004
Sat Sep 28 23:27:57 +0000 2019,https://t.co/gG8SHRk8dE,0.0,0,0,0.3142995000000042,42.308346
Sat Sep 28 23:27:09 +0000 2019,|Trump can do more damage than Nixon. His impeachment is imperative || Robert Reich https://t.co/PnY6W9Gk2x|,-0.5413,0,0,-84.433106,33.7671944
Sat Sep 28 23:26:24 +0000 2019,Forget impeachment. Donald Trump needs to resign https://t.co/TA7eR9WuR1,-0.5106,0,0,-71.54623649999999,42.389119
Sat Sep 28 23:25:46 +0000 2019,@tourist_paid @rdalelis1 @Copacabana71 @SWT_er @crsllx @MatthewJshow @realDonaldTrump Is what Donald Trump said whe‚Ä¶ https://t.co/IcsvxhBoZY,0.0,0,0,-122.77506199999999,45.311166
Sun Sep 29 04:55:03 +0000 2019,@realDonaldTrump https://t.co/DF7Le5GoKx,0.0,0,0,-121.31872215,38.641305
Sun Sep 29 04:54:50 +0000 2019,@JadedCreative The model looks like a young Donald Trump doing the NAZI Gestapo stump walk. https://t.co/ADWKU9QiRd,0.3612,0,0,-73.9487755,40.655138
Sun Sep 29 04:54:49 +0000 2019,@RichardDKitchen @kumiisimuk @dmit0820 @AndrewYang @realDonaldTrump Yang recognizes that Donald Trump got it right‚Ä¶ https://t.co/quviar4d6M,0.0,0,0,-117.02246315,32.633767
Sun Sep 29 04:54:04 +0000 2019,@KYComer Dude it‚Äôs been investigated!  But let‚Äôs beat a dead horse! Do you not understand the EU and World Bank wan‚Ä¶ https://t.co/E68QndiUOm,-0.7081,0,0,-122.66674049999999,45.728930000000005
Sun Sep 29 04:53:03 +0000 2019,Graham prepares Trump defence as impeachment fury intensifies https://t.co/u4QKk6vAi4,-0.5106,0,0,-46.699895,-22.582409650000002
Sun Sep 29 04:51:30 +0000 2019,@Go200MPHCLUB @EmperorKhaleesi @JudgeJeanine Is Donald Trump. I finished your sentence for you.,0.0772,0,0,-85.7682405,37.822244
Sun Sep 29 04:50:02 +0000 2019,Friendly reminder if you vote for Donald Trump you are huge piece of shit üôÉüôÉüôÉ,0.2263,0,0,-118.2480625,33.839611500000004
Sun Sep 29 04:48:32 +0000 2019,|Nothing these days makes sense and I‚Äôm done trying to figure it out. 
https://t.co/tONdKatTpp|,0.0,0,0,-122.3306024,47.6148172
Sun Sep 29 04:45:15 +0000 2019,@realDonaldTrump @KayaJones Larry Holmes couldn't be stopped - Donald a trump won't be stopped !,0.3867,0,0,-79.42086499999999,38.003375500000004
Sun Sep 29 04:44:01 +0000 2019,Impeachment: l‚Äôenvoy√© sp√©cial de Donald Trump en Ukraine d√©missionne alors que la crise s‚Äôaggrave via @Lopinion_fr‚Ä¶ https://t.co/yjDFfihB0h,0.0,0,0,40.99418435,57.008565700000005
Sun Sep 29 04:43:20 +0000 2019,@Bibbitybobbit13 @roseannebyrne @Asher_Wolf No amount of money would make up for being married to Donald Trump imho.,-0.296,1,0,145.053135344,-37.97256651425
Sun Sep 29 04:41:05 +0000 2019,If anybody is concerned about PRESIDENT St. DONALD TRUMP‚ÄôS POLES PERCENT HERE ARE THE #REAL  POLE PERCENTAGES 100 T‚Ä¶ https://t.co/TSxLCgqZXA,0.0,0,0,-98.5200567,33.92642
Sun Sep 29 04:39:04 +0000 2019,@dccc Donald Trump,0.0,0,0,-83.1738665,32.6782075
Sun Sep 29 04:37:53 +0000 2019,|@freep Remember this Mitch?

Detroit Free Press: Mitch Albom: Time to pause, reflect ‚Äî and stop predicting

https://t.co/agtU9ATfbz|,0.2732,0,0,-83.157747,42.507217999999995
Sun Sep 29 04:36:39 +0000 2019,|'Memba dis?

Detroit Free Press: Mitch Albom: Time to pause, reflect ‚Äî and stop predicting

https://t.co/agtU9ATfbz|,0.2732,0,0,-83.157747,42.507217999999995
Sun Sep 29 04:31:01 +0000 2019,I will never forget the time my sister called Donald trump an asshole when she was 5. Coolest little person ever,0.1695,0,0,-119.30660750000001,37.2691755
Sun Sep 29 04:28:03 +0000 2019,@realDonaldTrump Fuck you Donald Trump punk ass,-0.7906,0,0,-121.8737305,37.331159
Sun Sep 29 05:30:12 +0000 2019,|Behold Donald J. Trump, creator of the economy. https://t.co/wsTJKPRHKo|,0.0,0,0,-85.4915405,32.5972449
Sun Sep 29 05:26:26 +0000 2019,President Donald J Trump is FOR the USA! https://t.co/58jA0uRcsu,0.0,1,0,-77.418002,39.4320365
Sun Sep 29 05:16:46 +0000 2019,@GOPChairwoman @realDonaldTrump WTF is wrong with you? Have you no remaining sense of decency? Or even self-preserv‚Ä¶ https://t.co/rQBzAwBQaq,-0.8805,0,0,-89.01199549999998,42.6863985
Sun Sep 29 05:13:12 +0000 2019,|‚ÄúHE WAS NOT PRESSURED BY ME IN ANY WAY, SHAPE, OR FORM‚Äù - Donald J. Trump 

Just, Wow!üò± ALL CAPS!
He‚Äôs really serio‚Ä¶ https://t.co/Cpamth24lP|,0.42,0,0,-75.7560986,39.67909349999999
Sun Sep 29 05:12:58 +0000 2019,|How I sleep at night knowing Bernie Sanders is the strongest candidate to defeat Donald Trump...

#NotMeUs‚Ä¶ https://t.co/tYI0pHLhcL|,-0.0258,2,0,-93.5653255,41.358391499999996
Sun Sep 29 05:12:05 +0000 2019,|Donald Trump: BLOW ME.....

........ A KISS!üëÑüíãüíÑüëÑüíãüíÑ https://t.co/pklspOgpYa|,0.0,0,0,-80.21864249999999,40.454187000000005
Sun Sep 29 05:08:05 +0000 2019,The GRU has got to have kompromat on Graham. Why else stick his neck out? Maybe there‚Äôs a communication in White Ho‚Ä¶ https://t.co/BFtOyjN52o,0.0,0,0,-75.81952100000001,39.9901065
Sun Sep 29 05:02:06 +0000 2019,|The intelligence community works President Donald J Trump not other way around.
President Donald J Trump was correc‚Ä¶ https://t.co/SHFsr8S86V|,0.4767,1,0,-77.418002,39.4320365
Sun Sep 29 05:01:46 +0000 2019,|Starting to notice a theme- when someone tells me they like Donald Trump, 10 out of 10 times they know nothing abou‚Ä¶ https://t.co/ydRck9A8FS|,0.3612,0,0,-83.1738665,32.6782075
Sun Sep 29 04:55:39 +0000 2019,|Even here in Italy, people love President Donald J. Trump.|,0.6369,0,0,9.217847849999998,44.36583885
Sun Sep 29 04:55:03 +0000 2019,@realDonaldTrump https://t.co/DF7Le5GoKx,0.0,0,0,-121.31872215,38.641305
Sun Sep 29 04:54:50 +0000 2019,@JadedCreative The model looks like a young Donald Trump doing the NAZI Gestapo stump walk. https://t.co/ADWKU9QiRd,0.3612,0,0,-73.9487755,40.655138
Sun Sep 29 04:54:49 +0000 2019,@RichardDKitchen @kumiisimuk @dmit0820 @AndrewYang @realDonaldTrump Yang recognizes that Donald Trump got it right‚Ä¶ https://t.co/quviar4d6M,0.0,0,0,-117.02246315,32.633767
Sun Sep 29 04:54:04 +0000 2019,@KYComer Dude it‚Äôs been investigated!  But let‚Äôs beat a dead horse! Do you not understand the EU and World Bank wan‚Ä¶ https://t.co/E68QndiUOm,-0.7081,0,0,-122.66674049999999,45.728930000000005
Sun Sep 29 04:53:03 +0000 2019,Graham prepares Trump defence as impeachment fury intensifies https://t.co/u4QKk6vAi4,-0.5106,0,0,-46.699895,-22.582409650000002
Sun Sep 29 04:51:30 +0000 2019,@Go200MPHCLUB @EmperorKhaleesi @JudgeJeanine Is Donald Trump. I finished your sentence for you.,0.0772,0,0,-85.7682405,37.822244
Sun Sep 29 04:50:02 +0000 2019,Friendly reminder if you vote for Donald Trump you are huge piece of shit üôÉüôÉüôÉ,0.2263,1,0,-118.2480625,33.839611500000004
Sun Sep 29 04:48:32 +0000 2019,|Nothing these days makes sense and I‚Äôm done trying to figure it out. 
https://t.co/tONdKatTpp|,0.0,0,0,-122.3306024,47.6148172
Sun Sep 29 04:45:15 +0000 2019,@realDonaldTrump @KayaJones Larry Holmes couldn't be stopped - Donald a trump won't be stopped !,0.3867,0,0,-79.42086499999999,38.003375500000004
Sun Sep 29 04:44:01 +0000 2019,Impeachment: l‚Äôenvoy√© sp√©cial de Donald Trump en Ukraine d√©missionne alors que la crise s‚Äôaggrave via @Lopinion_fr‚Ä¶ https://t.co/yjDFfihB0h,0.0,0,0,40.99418435,57.008565700000005
Sun Sep 29 04:43:20 +0000 2019,@Bibbitybobbit13 @roseannebyrne @Asher_Wolf No amount of money would make up for being married to Donald Trump imho.,-0.296,1,0,145.053135344,-37.97256651425
Sun Sep 29 04:41:05 +0000 2019,If anybody is concerned about PRESIDENT St. DONALD TRUMP‚ÄôS POLES PERCENT HERE ARE THE #REAL  POLE PERCENTAGES 100 T‚Ä¶ https://t.co/TSxLCgqZXA,0.0,0,0,-98.5200567,33.92642
Sun Sep 29 04:39:04 +0000 2019,@dccc Donald Trump,0.0,0,0,-83.1738665,32.6782075
Sun Sep 29 04:37:53 +0000 2019,|@freep Remember this Mitch?

Detroit Free Press: Mitch Albom: Time to pause, reflect ‚Äî and stop predicting

https://t.co/agtU9ATfbz|,0.2732,1,0,-83.157747,42.507217999999995
Sun Sep 29 04:36:39 +0000 2019,|'Memba dis?

Detroit Free Press: Mitch Albom: Time to pause, reflect ‚Äî and stop predicting

https://t.co/agtU9ATfbz|,0.2732,0,0,-83.157747,42.507217999999995
Sun Sep 29 04:31:01 +0000 2019,I will never forget the time my sister called Donald trump an asshole when she was 5. Coolest little person ever,0.1695,0,0,-119.30660750000001,37.2691755
Sun Sep 29 04:28:03 +0000 2019,@realDonaldTrump Fuck you Donald Trump punk ass,-0.7906,0,0,-121.8737305,37.331159
Sun Sep 29 04:26:37 +0000 2019,@Jim_Jordan and @RepMarkMeadows keep pushing back! We want those response held accountable! https://t.co/eYtjPeZin3,0.2225,0,0,-86.6807375,32.576226999999996
Sun Sep 29 04:23:54 +0000 2019,|Our
    Elected
       Magnificent 
           President 
      Donald J Trump  ..

           " God Be The Glory " https://t.co/xmy3PLCdqa|,0.8591,0,0,-86.6807375,32.576226999999996
Sun Sep 29 04:20:38 +0000 2019,|Running like a scared child, while being Trump's lap dog at the  same time...
#BarrMisconduct https://t.co/kl1Fe9Qpm8|,-0.1027,6,3,-80.08421185,26.617028649999998
Sun Sep 29 04:18:11 +0000 2019,|@XArmandKleinX ‚ò†‚ò†‚ò†‚ò† NANCY PELOSI AND THE DEMOCRATS BAD FOR AMERICA, VOTE FOR OUR GREAT PRESIDENT DONALD J TRUMP AND‚Ä¶ https://t.co/I400Cl9rp9|,0.1531,0,0,-82.717093,28.248529949999998
Sun Sep 29 04:17:21 +0000 2019,@realDonaldTrump Yes indeed..  The Best Part of Waking Up...Is Donald Trump is my President!,0.8016,0,0,-83.1738665,32.6782075
Sun Sep 29 04:15:29 +0000 2019,|Pi√±era y Donald Trump solo se diferencian por el nombre, la incontinencia verbal los delata en sus limitaciones e i‚Ä¶ https://t.co/UIaSUxF1iw|,0.0,0,0,-70.80907595,-34.121532249999994
Sun Sep 29 04:09:54 +0000 2019,https://t.co/i7ulVnlvxm,0.0,0,0,-80.32263044999999,25.9402816
Sun Sep 29 04:09:45 +0000 2019,|US energy company Tellurian sponsored #HowdyModi.
After event, India's Petronet signs deal to invest Rs 17,700 cror‚Ä¶ https://t.co/zMbbyw4Ab5|,0.2732,0,0,78.3852856,17.39503715
Sun Sep 29 04:09:18 +0000 2019,@ARIZON704 Please don't be a genius like Donald Trump whom Nancy has held by the Balls. Now the genius is silent.,0.049,0,0,-77.60468399999999,41.1179365
Sun Sep 29 04:05:26 +0000 2019,Alec Baldwin returns to SNL as Donald Trump freaking out about impeachment https://t.co/CoVYlIVM5k,-0.4215,0,0,-84.2306505,33.526882750000006
Sun Sep 29 04:03:03 +0000 2019,"Trump and other aides are frustrated ... that Mulvaney did not have a strategy for defending and explaining the co‚Ä¶ https://t.co/fzro2nYLKO,-0.5267,1,0,-85.9785995,35.8305215
Sun Sep 29 04:01:06 +0000 2019,Que alguien me confirme si Donald Trump atendi√≥ a Nito Cortizo. https://t.co/eZJAZLyBc3,0.0,0,0,-80.0954175,8.4216729
Sun Sep 29 03:59:38 +0000 2019,|"Unlike Donald Trump I do not believe the children of America should go hungry. We're going to guarantee universal,‚Ä¶ https://t.co/Ggo9PwW0Ke|,0.25,0,0,-115.223125,36.232915
Sun Sep 29 03:56:55 +0000 2019,Donald trump is the  king of the  worlds the best ever been in America https://t.co/US5OisRJjv,0.6369,1,0,34.9684285,31.342253
Sun Sep 29 03:56:14 +0000 2019,@realDonaldTrump @JGilliam_SEAL Dude! Get your story right! You look dumb for following Trump! https://t.co/TUWma86j1V,-0.6341,0,0,-122.66674049999999,45.728930000000005
Sun Sep 29 03:54:58 +0000 2019,|Hard to believe this Dick, .@realDonaldTrump
Ever had a REAL Woman,
Beside him.

https://t.co/Smaze4EZhA|,-0.6457,0,0,-119.70163600000001,34.429885
Sun Sep 29 03:51:15 +0000 2019,@CTVNews Demander aux milliardaire DOnaLD Trump,0.0,0,0,-11.3976303,9.93312885
Sun Sep 29 03:44:56 +0000 2019,|‚ÄúThere is no way" Republican senators "could somehow bar the doors" if the House approves articles of impeachment,‚Ä¶ https://t.co/pQB8BDXpHL|,0.128,0,0,-84.3615325,39.5061035
Sun Sep 29 03:41:05 +0000 2019,|Boris Johnson looks like a mix of Donald Trump, and Gary Busey. You can't change my mind.|,0.3612,0,0,-80.18183465,38.9201425
Sun Sep 29 03:39:22 +0000 2019,Donald Trump https://t.co/0fe84Wytoc,0.0,0,0,-112.12467670000001,33.552862600000005
Sun Sep 29 03:37:47 +0000 2019,@realDonaldTrump Donald Trump is corrupt. He conspired with the Russians to steal the 2016 election and plotting to‚Ä¶ https://t.co/KF7QENAlxh,-0.4939,0,0,-122.22868550000001,37.7919941
Sun Sep 29 03:34:33 +0000 2019,ONLY IN AMERICA! KANYE WEST AND DON KING  HURT DONALD TRUMP'S FEELINGS #SNL #SNLPremiere #SNL45,-0.6625,3,0,-77.0143985,38.89860285
Sun Sep 29 03:31:25 +0000 2019,@RNCResearch @realDonaldTrump I love donald trump,0.6369,0,0,121.0627353,14.683012349999998
Sun Sep 29 03:29:13 +0000 2019,En conferencia de Prensa Donald Trump dice que est√° usando a M√©xico para proteger la frontera: https://t.co/shiNuTDsGy,0.0,0,0,-99.08357825,19.71063615
Sun Sep 29 03:28:59 +0000 2019,Remember when Donald Trump gave out Lindsey Graham‚Äôs phone number and he tried to show what a badass he was with th‚Ä¶ https://t.co/WbCl8GBaMw,-0.0772,0,0,-117.824049,33.810159
Sun Sep 29 03:25:36 +0000 2019,@mattyglesias Donald Trump sure made a lot of difference.,0.3182,0,0,-98.49066205000001,29.48449745
Sun Sep 29 03:22:33 +0000 2019,THIS has nothing to do with Donald Trump's Impeachment/State Dept. ramps up probe into Clinton email server: report https://t.co/1NSvSDcgbK,0.0,0,0,-79.9135205,43.2606955
Sun Sep 29 03:20:59 +0000 2019,@thehill How can a normal person see that little boy and his mother and NOT feel COMPASSION? What is WRONG with Donald Trump?,-0.8028,1,0,-96.97120949999999,37.695454500000004
Sun Sep 29 03:20:12 +0000 2019,|‚ÄúI never said all of those things that I said.‚Äù - Yogi Berra

Also Donald Trump

#impeachment|,0.0,0,0,-71.11081999999999,42.424952
Sun Sep 29 03:19:29 +0000 2019,@realDonaldTrump It's very easy to IMPEACH that Nasty Man n the WH : LIAR CON MAN WOMANIZER KKK MEMBER SELLING THE‚Ä¶ https://t.co/ROnHKjVwEq,-0.6641,0,0,-86.1429225,39.7795625
Sun Sep 29 03:19:20 +0000 2019,https://t.co/EKaIQkhrIM,0.0,0,0,-119.30660750000001,37.2691755
Sun Sep 29 03:19:08 +0000 2019,|@overholt_greg @charliekirk11 DEMOCRATS CARE MORE ABOUT THE ILLEGAL ALIENS THAN THE AMERICAN PEOPLE, THE AMERICAN P‚Ä¶ https://t.co/oEga4hzIuE|,-0.3233,3,4,-82.717093,28.248529949999998
Sun Sep 29 03:18:58 +0000 2019,|@Buzzybea45 @CharlieDaniels Most important 
https://t.co/EKaIQkhrIM|,0.2716,0,0,-119.30660750000001,37.2691755
Sun Sep 29 03:18:15 +0000 2019,CAREER CRIMINAL DONALD TRUMP just barely avoided prosecution earlier this year when special counsel Robert Mueller‚Ä¶ https://t.co/mXM6dnt8mw,-0.7552,0,0,-95.400973,30.124856
Sun Sep 29 03:17:32 +0000 2019,|@AndrewSolender Josh Hawley will take the militarist isolationist tack, just like Donald Trump.|,0.4939,3,0,-118.4119065,34.0207895
Sun Sep 29 03:16:38 +0000 2019,God bless this man. All Donald Trump wanted to do is stop the corruption in D.C. https://t.co/Z59WZk1Noz,0.4019,0,0,-118.4119065,34.0207895
Sun Sep 29 03:15:59 +0000 2019,@NevadaJack2 @HorsesRLove22 Extreme RINO politically biased against President Donald J TRUMP!,-0.3382,0,0,-100.0768885,31.168893500000003
Sun Sep 29 03:15:40 +0000 2019,Trump takes on China and Iran in UN speech https://t.co/KyqybG6SXe He denounced "a growing cottage industry of radi‚Ä¶ https://t.co/IuJPKtibw6,0.1779,2,0,139.69262600000002,35.666851
Sun Sep 29 03:14:09 +0000 2019,|‚ÄúI‚Äôm so appalled, Donald Trump takin‚Äô dollars from y‚Äôall‚Äù

- @kanyewest, 2010|,-0.5095,0,0,-118.4119065,34.0207895
Sun Sep 29 03:13:42 +0000 2019,|@SuckerCarlson Wow
They're talking about things that are not related to what's going on in the real world
I can't c‚Ä¶ https://t.co/UhpLzuPhWI|,0.5859,0,0,-87.732013,41.833584450000004
Sun Sep 29 03:10:58 +0000 2019,Dwayne Johnson &gt; Donald Trump #2020Election,0.0,0,0,-90.47938049999999,30.4820535
Sun Sep 29 03:09:59 +0000 2019,https://t.co/xoce6cIzdi,0.0,0,0,-73.9685415,40.780709
Sun Sep 29 03:08:55 +0000 2019,Did Trump just take a Bribe from the NRA???              Trump and NRA head met at White House - CNNPolitics https://t.co/SbQaTHrdSf,-0.327,0,0,-86.791549,36.20000805
Sun Sep 29 03:06:10 +0000 2019,|You bet I stand with President Donald Trump.  Today, tomorrow and always! @POTUS
@VP 
@realDonaldTrump‚Ä¶ https://t.co/T57e97VbM7|,0.0,0,0,-90.0792395,30.4041695
Sun Sep 29 03:05:51 +0000 2019,|üá∫üá∏üá∫üá∏ Trump and Democrats, Begin Historic Political Battle 

Stop The üêÇ üí©  

I Voted 4 Trump I Know Donald
Will Drai‚Ä¶ https://t.co/lvfr5dKyRc|,-0.5859,23,19,-77.72056395161529,34.30573476448757
Sun Sep 29 03:05:09 +0000 2019,@Cptnrwrpnts I support Donald Trump.,0.4019,0,0,28.103550849999998,-25.9884044
Sun Sep 29 03:00:11 +0000 2019,@realDonaldTrump ‚ÄúThe economy that Donald Trump inherited from Barack Obama and Joe Biden is the only thing keeping‚Ä¶ https://t.co/W8tkn3NCs8,0.0,0,0,-83.7299715,42.2708395
Sun Sep 29 02:58:36 +0000 2019,|"I like thinking big. I always have. To me it's very simple: If you're going to be thinking anyway, you might as we‚Ä¶ https://t.co/yrEIkEh3OR|,0.3612,1,1,73.22630605,3.2013968999999998
Sun Sep 29 02:57:37 +0000 2019,@realDonaldTrump ‚ÄúThe economy that Donald Trump inherited from Barack Obama and Joe Biden is the only thing keeping‚Ä¶ https://t.co/w86whBh07K,0.0,1,0,-83.7299715,42.2708395
Sun Sep 29 02:56:25 +0000 2019,Hey @realDonaldTrump ... Traitor Trump ... Tubby Trump ... Dumb Donald ... Dummkopf Donald ... I think Traitor Trump is the best.,0.2263,0,0,-75.77004099999999,42.746617
Sun Sep 29 02:55:01 +0000 2019,|Donald Trump Jr. just called Governor Edwards a radical socialist... Ok, sis|,0.296,5,0,-91.40100849999999,30.937336000000002
Sun Sep 29 02:51:51 +0000 2019,@NHLRumorsDaily From the Donald Trump school of hockey rumours. Use your own rumour to build a case as to why your new rumours are true. Lol,0.6808,0,0,-79.2725695,43.629311
Sun Sep 29 02:51:37 +0000 2019,He‚Äôs correct. Donald Trump is the only thing standing between us and the globalist socialist cabal; they will do AN‚Ä¶ https://t.co/5lVl2vdtC5,0.0,0,0,-111.52981600000001,35.2659775
Sun Sep 29 02:51:22 +0000 2019,@NoozheMakwa @gmansell2 First guy in that video was Donald Trump the second guy was nasty Nancy www Pelosi,-0.5574,3,0,-74.81192899999999,40.1414535
Sun Sep 29 02:48:17 +0000 2019,|Donald J. Trump is doing exactly what he promised he would do‚Äîexposing the greedy, lying scum in Washington and dra‚Ä¶ https://t.co/Mq49kVVR0N|,-0.4939,0,0,-122.3306024,47.6148172
Sun Sep 29 02:47:18 +0000 2019,|Mulvaney on shaky ground in wake of whistleblower fallout, sources say

https://t.co/ADXDQI2nWZ|,-0.2263,1,1,-79.833837,40.4772732
Sun Sep 29 02:40:51 +0000 2019,|@thebradfordfile @Caribbean__Q DITTO!!!!!!!!!!!!!!!!!!! I agree 1,000,000% God bless our President Donald J Trump!!! üá∫üá∏|,0.8209,1,0,-100.0768885,31.168893500000003
Sun Sep 29 02:37:43 +0000 2019,|‡§ü‡§ø‡•ç‡§µ‡§ü‡§∞ ‡§ü‡•ç‡§∞‡•á‡§Ç‡§°: UN ‡§Æ‡•á‡§Ç ‡§ü‡•ç‡§∞‡§Ç‡§™ ‡§ï‡§æ ‡§≠‡§æ‡§∑‡§£ ‡§Ö‡§µ‡•ç‡§µ‡§≤, ‡§®‡§Ç‡§¨‡§∞ 2 ‡§™‡§∞ ‡§á‡§Æ‡§∞‡§æ‡§®, ‡§Æ‡•ã‡§¶‡•Ä ‡§ï‡§æ 5‡§µ‡•á‡§Ç ‡§∏‡•ç‡§•‡§æ‡§® ‡§™‡§∞ - Twitter trend donald trump spee‚Ä¶ https://t.co/1MEbFHrxf7|,0.0,0,0,84.396886,26.130993500000002
Sun Sep 29 02:37:34 +0000 2019,|‡§ü‡§ø‡•ç‡§µ‡§ü‡§∞ ‡§ü‡•ç‡§∞‡•á‡§Ç‡§°: UN ‡§Æ‡•á‡§Ç ‡§ü‡•ç‡§∞‡§Ç‡§™ ‡§ï‡§æ ‡§≠‡§æ‡§∑‡§£ ‡§Ö‡§µ‡•ç‡§µ‡§≤, ‡§®‡§Ç‡§¨‡§∞ 2 ‡§™‡§∞ ‡§á‡§Æ‡§∞‡§æ‡§®, ‡§Æ‡•ã‡§¶‡•Ä ‡§ï‡§æ 5‡§µ‡•á‡§Ç ‡§∏‡•ç‡§•‡§æ‡§® ‡§™‡§∞ - Twitter trend donald trump spee‚Ä¶ https://t.co/Mb3q73LD8k|,0.0,0,0,84.396886,26.130993500000002
Sun Sep 29 02:35:26 +0000 2019,|@gregpmiller As Donald Trump continues to rail about Hillary Clinton‚Äôs emails, the State Department has reinvigorat‚Ä¶ https://t.co/nJSMDrrkBk|,0.0,14,2,-73.8311875,40.670879549999995
Sun Sep 29 02:34:50 +0000 2019,|GOP Leadership Memo Suggests Senate Cannot Block Trial If House Votes To Impeach Trump
https://t.co/UuHYNqh135|,0.3412,0,0,-118.4119065,34.0207895
Sun Sep 29 02:33:17 +0000 2019,|Knuckeheads.  Mick Mulvaney on shaky ground in wake of whistleblower fallout, sources say - CNNPolitics https://t.co/6a6hSfD1Qj|,-0.2263,0,0,-117.397616,33.935822
Sun Sep 29 02:33:15 +0000 2019,|CNN LEAVES OUT WORDS TO MAKE THE PRESIDENT., 45, Trump , Donald J Trump üëÄ GOOD???? OMG! If CNN DID ANYTHING THEY MA‚Ä¶ https://t.co/XThEwM4qI8|,0.0,0,0,-80.926628,33.6311395
Sun Sep 29 02:32:44 +0000 2019,Just another reason to impeach Donald Trump. He‚Äôs going after his former campaign opponents like he was some Third‚Ä¶ https://t.co/FEAWvC78NS,0.3612,6,4,-73.8311875,40.670879549999995
Sun Sep 29 02:31:49 +0000 2019,|Don't know how much truth is contained here, but it's a must read https://t.co/LGtMR53wof|,0.1655,0,0,0.3142995000000042,42.308346
Sun Sep 29 02:30:17 +0000 2019,https://t.co/qN3Sjk6GEt,0.0,0,0,-95.4660343,29.7076839
Sun Sep 29 02:28:16 +0000 2019,|It‚Äôs already started. America is building the white savior narrative of rescuing itself from Donald Trump, the raci‚Ä¶ https://t.co/Q4s1xB6KVJ|,0.0,11,5,139.7091805,35.701657
Sun Sep 29 02:27:25 +0000 2019,|@camgreer11 @RhoniDu ... and a rip tide, hopefully soon to be followed by a tsunami of resignations- including that‚Ä¶ https://t.co/vCWHbr4AiF|,0.128,2,0,-84.475291,33.6575858
Sun Sep 29 02:27:05 +0000 2019,|@realDonaldTrump @FoxNews @CNN @MSNBC

The media has not figured it out yet. Any press is good press. All eyes will‚Ä¶ https://t.co/yUToofL2Hh|,0.4404,0,0,-117.143737,47.664707
Sun Sep 29 02:26:52 +0000 2019,|'Treasonous' Donald Trump Could Have Been Impeached On Inauguration Day, Bestselling Military Author Says https://t.co/qT1QIrAKX0|,0.0,0,0,25.0186232,60.1594712
Sun Sep 29 02:25:51 +0000 2019,I bet DJ Khaled and Donald Trump would be great friends,0.802,0,0,-116.27816150000001,33.668045500000005
Sun Sep 29 02:23:31 +0000 2019,@nationalparker5 https://t.co/ZPg7OolLKH https://t.co/GjpBdR9yTx,0.0,0,0,-119.30660750000001,37.2691755
Sun Sep 29 02:23:08 +0000 2019,|Hey @HillaryClinton I‚Äôve got the perfect tweet for you to send once Trump is impeached:

‚ÄúYou‚Äôre Fired, Donald.‚Äù|,0.0258,4,1,-117.824049,33.810159
Sun Sep 29 02:21:58 +0000 2019,@realDonaldTrump Thanks God and Donald Trump's,0.6124,3,0,107.1636285,11.08089
Sun Sep 29 02:21:29 +0000 2019,@LindseyGrahamSC I hope we can impeach this Donald Trump. It is time for him to go.   I have been watching this mov‚Ä¶ https://t.co/5edIrCArgS,0.4404,0,0,-82.16086565,29.120222500000004
Sun Sep 29 02:20:30 +0000 2019,|Resign @realDonaldTrump
 https://t.co/7UfqIfsTpQ|,-0.34,1,0,-77.60468399999999,41.1179365
Sun Sep 29 02:16:59 +0000 2019,|Subpoena him. 

Giuliani Says He Won‚Äôt Testify Before House Without Trump‚Äôs OK
https://t.co/fGecz5rY4v|,-0.3465,0,0,-79.833837,40.4772732
Sun Sep 29 02:16:34 +0000 2019,|GOP Leadership Memo Suggests Senate Cannot Block Trial If House Votes To Impeach Trump
https://t.co/NEik9DZQLW|,0.3412,1,0,-79.833837,40.4772732
Sun Sep 29 02:16:03 +0000 2019,|If Trump had actually wanted to do infrastructure, he would‚Äôve done it many Infrastructure Weeks ago. He‚Äôs projecti‚Ä¶ https://t.co/w9mK28b9EB|,0.0,0,0,-122.4359785,37.7706565
Sun Sep 29 02:15:55 +0000 2019,|#ExposeTheTruth

Trump Blurs Lines Between Personal Lawyer, Attorney General
https://t.co/QaOKqRl2Vc|,0.0,0,0,-79.833837,40.4772732
Sun Sep 29 02:15:38 +0000 2019,Leaked Video Footage Of Donald Trump and Ukrainian President Zelensky‚Äôs ... https://t.co/Q43OoZJe79 via @YouTube,-0.3182,0,0,-111.7375657,33.4057545
Sun Sep 29 02:14:56 +0000 2019,Guys I‚Äôm not sure if Donald Trump is a good person,0.2354,0,0,-77.5888935,37.599557
Sun Sep 29 02:14:52 +0000 2019,|What if the women like for their men to look a little more like a person a little less like a fuckin clown ü§°
https://t.co/wSxmBQVCX2|,0.7579,0,0,-85.720959,41.291878
Sun Sep 29 02:12:27 +0000 2019,@RabbiShaina Donald Jes√∫s tRump üòÇ,0.0,0,0,-84.433106,33.7671944
Sun Sep 29 02:11:42 +0000 2019,@RudyGiuliani You are a pathetic hack. There is no equal protection issue here. donald trump used the power of the‚Ä¶ https://t.co/hv6PJS7ZU9,-0.7096,0,0,-101.89717300000001,33.5705263
Sun Sep 29 02:10:56 +0000 2019,|@brycetache So we saw Bruce Cockburn tonight. We don‚Äôt see as many concerts as in years past, but every one we see,‚Ä¶ https://t.co/ve1PPyYzgU|,0.0,0,0,-87.732013,41.833584450000004
Sun Sep 29 02:10:34 +0000 2019,All the Republicans love Nancy's move she made us the happiest people on Earth she just re-elected Donald Trump sin‚Ä¶ https://t.co/KrKAnFZDOF,0.8555,0,0,-74.81192899999999,40.1414535
Sun Sep 29 02:08:24 +0000 2019,@KamalaHarris Donald Trump is only loyal to his checkbook and he cheats on that too!,0.1511,0,0,-86.50393905,30.495369850000003
Sun Sep 29 02:07:46 +0000 2019,|https://t.co/sO5VtPuxSk
Fra
https://t.co/1xQCRuJJq9

https://t.co/ue7OOecPmc

https://t.co/cWYvnW8k4K
L-annonce-de-‚Ä¶ https://t.co/uYgoaSuX2B|,0.0,0,0,48.1747649,15.552756950000001
Sun Sep 29 02:05:01 +0000 2019,@realDonaldTrump By impeaching AND convicting Donald J. Trump!,0.0,0,0,-122.3306024,47.6148172
Sun Sep 29 02:03:42 +0000 2019,|@realDonaldTrump 'Oh My God...This Is the End of My Presidency. I'm Fucked.'

               ‚Äî Pres. Donald J. Trump|,0.0,3,1,-118.4119065,34.0207895
Sun Sep 29 02:02:05 +0000 2019,|Donald Trump Could Resign If He Gets A Deal To Avoid Prison Time, His Former Ghostwriter Predicts #Topbuzz https://t.co/On02QC4Ssc|,-0.7845,0,0,-83.4841045,44.28989
Sun Sep 29 02:00:52 +0000 2019,@realDonaldTrump So my 6yr old put that on there but she is so honest!!!!Donald Trump&amp;his toupe‚Äô,0.0,0,0,-86.1429225,39.7795625
Sun Sep 29 01:57:59 +0000 2019,Answer. GIBSON New York Governor MAGA (R).@IOCforcongress NY 14 @SaraCarterDC Donald Trump Jr. Mayor. Problem solve‚Ä¶ https://t.co/BE3TFwQg46,-0.4019,2,3,-73.8311875,40.670879549999995
Sun Sep 29 01:57:02 +0000 2019,|Mulvaney on shaky ground in wake of whistleblower fallout, sources say

https://t.co/x8n3U6k4US|,-0.2263,3,2,-121.30042529999999,37.980826
Sun Sep 29 01:55:05 +0000 2019,Donald Trump is the dumb ass that starts the argument,-0.8519,0,0,-95.12714249999999,29.526190000000003
Sun Sep 29 01:52:04 +0000 2019,|DONALD J TRUMP

‚ÄùTHE OTHER WHITE MEAT‚Äù‚õ≥ https://t.co/9tGD1OT8aG|,0.0,0,0,-80.21864249999999,40.454187000000005
Sun Sep 29 01:51:01 +0000 2019,@EricTrump I'm not a religious person but I'm praying for this administration and our country.  Tell your father a‚Ä¶ https://t.co/zjbNC9sbws,0.5023,0,0,-87.8241255,42.738643
Sun Sep 29 01:49:13 +0000 2019,@RaulPer61814094 @YouTube Mira sencillo no te doy mas importancia de la que tienes. 0. Vivo un pa√≠s libre y Democr√°‚Ä¶ https://t.co/uBiNlVI4X5,-0.296,0,0,-97.1147705,33.2024957
Sun Sep 29 01:47:29 +0000 2019,|Thank you, President Donald Trump, for FIGHTING FOR US! #MAGA https://t.co/3VwZZDS1hZ|,-0.2558,0,0,-95.31703999999999,32.315661500000004
Sun Sep 29 01:46:45 +0000 2019,Can someone please tell me what impeaching Donald Trump gone do as of right now as the end of his term is approaching? ü§î,0.3182,0,0,-90.1580165,32.230987
Sun Sep 29 01:46:31 +0000 2019,Some of the Angel's think hes Donald Trump,0.0,0,0,-95.12714249999999,29.526190000000003
Sun Sep 29 01:44:02 +0000 2019,|@realDonaldTrump @FleederMae We love our President, Donald J. Trump! Trump 2020!|,0.6988,1,1,-90.002249,38.52963
Sun Sep 29 01:43:53 +0000 2019,@SteveScalise @realDonaldTrump This circle the Trump wagons strategy is so old and routine that I‚Äôm tired of the tr‚Ä¶ https://t.co/806aM6Otla,-0.4404,0,0,-98.97610699999998,31.702738500000002
Sun Sep 29 01:42:31 +0000 2019,|I'm only 64,888,887 short of 64.9M followers. Can you help me reach my goal of having more followers than Donald Trump?|,0.4215,4,2,-73.9487755,40.655138
Sun Sep 29 01:39:01 +0000 2019,Trump Is a Military Coward ‚Äî But That Hasn't Kept Him from Insulting America's Troops https://t.co/Nxs328qMpU via @TeenVogue,-0.7351,1,0,-87.732013,41.833584450000004
Sun Sep 29 01:38:19 +0000 2019,|.@LaraLeaTrump, Donald Trump got 46.1% of the popular vote. He invited foreign interference in American elections a‚Ä¶ https://t.co/2kgGPX9HUC|,0.4215,28,2,-118.4119065,34.0207895
Sun Sep 29 01:36:09 +0000 2019,@USUN @UN El legado de Obama y la Hillary Clinton en Venezuela. Donald Trump 2020.....,0.0,0,0,-117.24838765,34.04975085
Sun Sep 29 01:33:10 +0000 2019,@thehill EFF Chris Wallace. Typical corporate bullshit. Wait until Donald Trump starts his own networks when he leaves office in 2024.,-0.5859,0,0,-80.0502625,40.37624085
Sun Sep 29 01:28:43 +0000 2019,|‡§ü‡§ø‡•ç‡§µ‡§ü‡§∞ ‡§ü‡•ç‡§∞‡•á‡§Ç‡§°: UN ‡§Æ‡•á‡§Ç ‡§ü‡•ç‡§∞‡§Ç‡§™ ‡§ï‡§æ ‡§≠‡§æ‡§∑‡§£ ‡§Ö‡§µ‡•ç‡§µ‡§≤, ‡§®‡§Ç‡§¨‡§∞ 2 ‡§™‡§∞ ‡§á‡§Æ‡§∞‡§æ‡§®, ‡§Æ‡•ã‡§¶‡•Ä ‡§ï‡§æ 5‡§µ‡•á‡§Ç ‡§∏‡•ç‡§•‡§æ‡§® ‡§™‡§∞ - Twitter trend donald trump spee‚Ä¶ https://t.co/I7OlDWObWo|,0.0,0,0,81.191708,26.939432500000002
Sun Sep 29 01:27:44 +0000 2019,I Agree with you and love Donald j. Trump and all my fellow Americans that love and support him too. Thank God that‚Ä¶ https://t.co/HFduiJqa3x,0.9531,0,0,-80.1783915,26.03967995
Sun Sep 29 01:21:36 +0000 2019,Donald Trump Donald Trump he's a skunk dead Donald Trump he is as corrupt as a person could be why's everybody alwa‚Ä¶ https://t.co/ZQ5nhYVIqD,-0.6486,0,0,-87.732013,41.833584450000004
Sun Sep 29 01:21:21 +0000 2019,@realDonaldTrump @SaraCarterDC Thank you Donald J Trump the greatest president we ever had and have God bless you g‚Ä¶ https://t.co/bZ7UeLOZnl,0.891,0,0,-111.93171085,34.16825365
Sun Sep 29 01:21:09 +0000 2019,What most Republicans fail to acknowledge is that it was the media that help to get Donald Trump elected.‚Ä¶ https://t.co/1zmDx0NHu0,-0.2682,0,0,-80.295886,25.711706
Sun Sep 29 01:19:26 +0000 2019,|Is Donald Trump Batman?

He's a billionaire, under constant attack, who has dedicated himself to protecting us all.‚Ä¶ https://t.co/BEBcV1gNv9|,-0.0258,1,0,-121.375689,38.6040335
Sun Sep 29 01:16:41 +0000 2019,Clinton signed agreement with Ukraine to investigate corruption. Hunter Biden and his father Quid Pro Joe have been‚Ä¶ https://t.co/ELUKuySesj,0.4939,4,3,0.3142995000000042,42.308346
Sun Sep 29 01:12:47 +0000 2019,The US senate is closed for business as long as Mitch McConnell is majority leader &amp; Donald Trump is President,0.0,0,0,-115.13337299999999,36.24912449999999
Sun Sep 29 01:12:36 +0000 2019,|Thank you, Kenidra4Humanity, for the retreat.  No one should be allowed to forget what Donald Trump really is. https://t.co/nE7BPJtV5V|,0.0516,0,0,-79.9020854,36.727374999999995
Sun Sep 29 01:11:26 +0000 2019,@JudicialWatch He should‚Äôve been investigated along time ago that witchhunt that‚Äôs all it was was a witch on the li‚Ä¶ https://t.co/dv7LMlcSga,-0.3612,0,0,-111.93171085,34.16825365
Sun Sep 29 01:10:41 +0000 2019,|‚ÄúWhat we need to do is not have Donald Trump as president,‚Äù @SpeakerPelosi says #TribFest19|,0.0,1,0,-97.75472415000002,30.323345699999997
Sun Sep 29 01:10:36 +0000 2019,@TeamTrump Thank you Mr. President Donald J Trump and family your family has done the greatest for the United State‚Ä¶ https://t.co/bP8lKuKVtg,0.8591,4,2,-111.93171085,34.16825365
Sun Sep 29 01:10:21 +0000 2019,‚ÄúWhat we need to do is not have Donald Trump be president of the United States ... we cannot take our eye off the ball.‚Äù,0.4215,127,13,-97.75472415000002,30.323345699999997
Sun Sep 29 01:09:50 +0000 2019,|To survive impeachment, Donald Trump has to shut up (opinion) - CNN https://t.co/QF3gaXHObJ|,0.0,0,0,-70.29254499999999,43.696187
Sun Sep 29 01:07:46 +0000 2019,|@GOPChairwoman @realDonaldTrump Hey honey, were u there Ronna? Oh, one thing I fixed. Known liars Donald tRump &amp; De‚Ä¶ https://t.co/2NKIJFg6tZ|,-0.5267,2,0,-117.10498915,32.810012199999996
Sun Sep 29 01:06:01 +0000 2019,@realDonaldTrump https://t.co/EBM6Mp2BfL,0.0,0,0,-97.1509985,32.960651
Sun Sep 29 01:05:27 +0000 2019,@AlexMBrown_ @KenleyMarlene THATS RIGHT BUDDY BOY TO MF HELLRAYSER TO DONALD TRUMP ASS HE MUST BE EXTERMANITED RIGHT NOW !,-0.6731,0,0,-116.9291021,32.33287645
Sun Sep 29 01:00:31 +0000 2019,https://t.co/L5qvUTtQ83,0.0,1,1,-121.30073049999999,38.76316025
Sun Sep 29 01:00:09 +0000 2019,@AhmedBaba_ @GOP The @GOP has severely lost its way. Defending Donald Trump rather than preserving our national sec‚Ä¶ https://t.co/1NMFY34VxZ,-0.6486,3,1,-88.09198549999999,44.4297195
Sun Sep 29 00:55:56 +0000 2019,|Traitors
Benedict Arnold 
Julius and Ethel Rosenberg
Donald Trump

Heroes 
Edward Snowden
The Whistleblower whoever she or he may be|,0.5106,0,0,-74.3220025,40.47523625
Sun Sep 29 00:48:01 +0000 2019,If I was a betting person I would have to say Donald J Trump appointed Gina Haspel. Gina Cheri Haspel Director of t‚Ä¶ https://t.co/VuhtCEK9BQ,0.0,0,0,-111.7375657,33.4057545
Sun Sep 29 00:47:40 +0000 2019,Are you playing golf for free with Donald Trump on one of his golf course on the dime of the people I just hope you‚Ä¶ https://t.co/2ofn5TPbt6,0.7906,0,0,-75.117998,40.0048655
Sun Sep 29 00:47:26 +0000 2019,|If you want to read more about the impeachment inquiry against President Donald Trump, here is the link:

https://t.co/CkHV7FsNKY|,0.0772,0,0,-97.75472415000002,30.323345699999997
Sun Sep 29 00:42:49 +0000 2019,GOP Leadership Memo Suggests Senate Cannot Block Trial If House Votes To Impeach Trump https://t.co/lYGHi9dvSe via @YahooNews,0.3412,3,4,-117.585658,33.859093
Sun Sep 29 00:41:08 +0000 2019,@WordswithSteph Did anyone actually see Monica Lewinsky perform fellatio on Bill Clinton? What would we call the st‚Ä¶ https://t.co/LdSloDDaPp,0.0,0,0,-105.12331950000001,39.685852000000004
Sun Sep 29 00:39:25 +0000 2019,|@realDonaldTrump So by @realDonaldTrump standards, what if DONALD TRUMP is guilty of treason?? Or‚Ä¶ https://t.co/muffiIaw9A|,-0.7236,0,0,-73.9685415,40.780709
Sun Sep 29 00:39:14 +0000 2019,To whom it may concern from Donald Trump: the little women of LA got the spot for the booty shake dance .your pay w‚Ä¶ https://t.co/NVkAjln7lJ,-0.2732,0,0,-83.77168599999999,31.963553
Sun Sep 29 00:37:12 +0000 2019,|@JohnJCrace @Tighnacoille Nothing like a bit of foreign collusion just ask Donald Trump, "piece of piss" he said.|,-0.5873,0,0,-3.52652215,58.59372655
Sun Sep 29 00:35:22 +0000 2019,@realDonaldTrump https://t.co/uVnN1Ldbhe,0.0,0,0,-82.07028435622047,41.500915728506634
Sun Sep 29 00:35:12 +0000 2019,Ti whom it may concern from Donald Trump: the little women  of  LA would like  to have a spot for the booty shake d‚Ä¶ https://t.co/Mt41jnJh9L,0.2023,0,0,-83.77168599999999,31.963553
Sun Sep 29 00:34:46 +0000 2019,@MikeDeWine https://t.co/uVnN1Ldbhe,0.0,0,0,-82.098535,41.490052
Sun Sep 29 00:34:30 +0000 2019,|@tomcolicchio So...?
https://t.co/uVnN1Ldbhe|,0.0,0,0,-82.098535,41.490052
Sun Sep 29 00:31:57 +0000 2019,@AmericanP2019 @tracybeanz Donald Trump!,0.0,1,0,-122.63339299999998,45.738279
Sun Sep 29 00:28:37 +0000 2019,I figured it out!! Donald Trump is a Scientologist !!!,0.0,0,0,-74.0214785,42.702047
Sun Sep 29 00:28:24 +0000 2019,No other politicians live here either and those homeless men are not Donald Trump either.,-0.296,0,0,-97.75472415000002,30.323345699999997
Sun Sep 29 00:24:18 +0000 2019,That is not Donald Trump.,0.0,0,0,-97.75472415000002,30.323345699999997
Sun Sep 29 00:19:32 +0000 2019,Glenn Campbell is Donald Trump.,0.0,0,0,-97.75472415000002,30.323345699999997
Sun Sep 29 00:18:39 +0000 2019,Graham prepares Trump defence as impeachment fury intensifies https://t.co/nw3vlRoaNy Graham said:       A couple y‚Ä¶ https://t.co/IpTpCar4G9,-0.5106,0,0,-70.9477915,42.199372999999994
Sun Sep 29 00:18:19 +0000 2019,@GOPLeader We ( The American People and Registered Voters) demand justice. We are tired of our President Elect Dona‚Ä¶ https://t.co/7fuTSMvBfh,0.0,0,0,-94.1286335,30.086918150000002
Sun Sep 29 00:15:33 +0000 2019,@realDonaldTrump I heard @RepAdamSchiff say that Donald Trump can't play any golf to @RepLawrence &amp; @RepRashida. Es‚Ä¶ https://t.co/IQhOEZPulM,-0.2584,1,0,-83.099288,42.3527865
Sun Sep 29 00:13:36 +0000 2019,Graham prepares Trump defence as impeachment fury intensifies https://t.co/nw3vlRoaNy Flip Flop used to be slogan o‚Ä¶ https://t.co/K9hthJopVt,-0.6908,0,0,-70.9477915,42.199372999999994
Sun Sep 29 00:13:11 +0000 2019,@pittygirl4life @DevinNunes Donald Trump because he wanted to be able to put HRC in jail without any knowledge of a‚Ä¶ https://t.co/vL4ne8FOpx,0.0,0,0,-119.30660750000001,37.2691755
Sun Sep 29 00:08:02 +0000 2019,@FalconYourHero @theflintstones @bae_miami @im2b @AkeemCrain @HillaryClinton A Kamala Harris vs Donald Trump Jr in‚Ä¶ https://t.co/795BOpaDxY,0.0,1,0,-73.9685415,40.780709
Sun Sep 29 00:07:17 +0000 2019,@Patagonia222 @mrkraft @svdate I lived in NYC during this period of Trump‚Äôs life https://t.co/AoUU4zzPEE I knew the‚Ä¶ https://t.co/eQqQnMO2h9,0.0,0,0,-122.4359785,37.7706565
Sun Sep 29 00:05:09 +0000 2019,|Salon: Donald Trump was impeachable the day he took office: Two and a half years later, we're finally there.‚Ä¶ https://t.co/CYAMibiZLs|,0.0,0,0,-84.612392,34.01107645
Sun Sep 29 00:03:49 +0000 2019,Bill Barr just said something that should scare the crap out of Donald Trump https://t.co/H6x9hr2cMi via @PalmerReport,-0.7003,0,0,-117.3630675,34.531222
Sun Sep 29 00:03:33 +0000 2019,https://t.co/d8z7kFT3LV,0.0,0,0,-117.3630675,34.531222
Sun Sep 29 00:01:56 +0000 2019,@FalconYourHero @theflintstones @bae_miami @im2b @AkeemCrain @HillaryClinton Trump base will want another Donald Tr‚Ä¶ https://t.co/3HtMMNOnyl,0.0772,0,0,-73.9685415,40.780709
Sun Sep 29 00:01:40 +0000 2019,@TheRynheart The middle-school test asked students who this was describing: 45th Pres; 2017; Republican; Real Estat‚Ä¶ https://t.co/n9XYXAEoIl,0.0,1,1,-74.2679795,40.736985000000004
Sun Sep 29 00:01:16 +0000 2019,The #WhiteHouse has restricted access to transcripts of some of President Donald Trump's calls with foreign leaders‚Ä¶ https://t.co/qIMPKnktsq,-0.3818,0,0,-77.03653,38.897676
Sun Sep 29 00:01:15 +0000 2019,@MysterySolvent We're not impeaching a president with those accomplishments we're impeaching Donald Trump.,0.0,1,0,-71.43666999999999,41.6989405
Sun Sep 29 00:00:26 +0000 2019,@PolitiBunny @FishaShakeyhead John also should be arrested if he's interfering it in our government today or workin‚Ä¶ https://t.co/DGt1XlysDc,-0.4767,0,0,-82.66946745,40.365159500000004
Sat Sep 28 23:58:42 +0000 2019,I wish @DaveChappelle would get into a Twitter beef with Donald Trump so we could all laugh when he barbecues that‚Ä¶ https://t.co/DUSnmc4ejb,0.743,1,0,-89.92202900000001,35.13352055
Sat Sep 28 23:55:11 +0000 2019,|@EvrybodysGotOne @JoeBiden Did you say fraud? Surely you mean the guy with multiple bankruptcies, fraudulent charit‚Ä¶ https://t.co/6BWw7c6S6U|,-0.6249,0,0,-74.57783950000001,40.715262
Sat Sep 28 23:53:54 +0000 2019,@CNN Well he might as well write in Donald Duck. He‚Äôs the best cartoon out of all these cartoon characters of the h‚Ä¶ https://t.co/aQQBA5nsNm,0.8126,0,0,-83.37718100000001,42.4842785
Sat Sep 28 23:48:26 +0000 2019,|More invented comments by Chicken Noodle News!
Mick Mulvaney on shaky ground in wake of whistleblower fallout, sour‚Ä¶ https://t.co/jFTGOYZK0K|,-0.2942,0,0,-93.6063695,41.5764373
Sat Sep 28 23:47:30 +0000 2019,@american1776 @TTWByStormy @StormyDaniels BTW...FUCK DONALD TRUMP‚ÄºÔ∏è,0.0,0,0,-118.4119065,34.0207895
Sat Sep 28 23:46:02 +0000 2019,IMPEACH DONALD TRUMP! https://t.co/Cb0YYKrS90,0.0,7,2,-77.60468399999999,41.1179365
Sat Sep 28 23:44:43 +0000 2019,Donald Trump is the ugly bastard genre of U.S. presidents.,-0.7783,0,0,-0.33706250000000004,51.595832849999994
Sat Sep 28 23:44:40 +0000 2019,@Scaramucci @realDonaldTrump The only mistake you made was to stop supporting Donald Trump. Just because he saw you‚Ä¶ https://t.co/fy1H037XdO,-0.1779,0,0,-80.1226195,26.721895749999998
Sat Sep 28 23:43:49 +0000 2019,|@andersoncooper @AOC
Irish police pay Trump Hotel for feeding them while protectibg Trump.  https://t.co/XMg9GudRGx|,-0.1027,0,0,-6.24762135,53.35490235
Sat Sep 28 23:43:43 +0000 2019,First I saw @toddstarnes rpt on so called #Teachers licensed by @NEA  &amp; @AFTunion having CHILDREN chanting 'WHO DO‚Ä¶ https://t.co/KCcRwTYNRC,0.0,0,0,-79.308498,33.350413950000004
Sat Sep 28 23:43:43 +0000 2019,Donald is a serial liar&amp;a cheat. He will NEVER admit ANY wrong doing because he's has Narcisstic Personality disord‚Ä¶ https://t.co/CW4q4IhZa3,-0.2589,2,1,-79.9135205,43.2606955
Sat Sep 28 23:37:28 +0000 2019,@Patriqtscott @dyro874 65 million people voted for @realDonaldTrump . So you are saying basically that they voted f‚Ä¶ https://t.co/l7EPD10C6b,0.0,3,3,-119.30660750000001,37.2691755
